[
    {
        "type": "polygon",
        "points": [
            {
                "x": 183.8000030517578,
                "y": 416.8000030517578
            },
            {
                "x": 562.8000030517578,
                "y": 414.8000030517578
            },
            {
                "x": 675.8000030517578,
                "y": 321.8000030517578
            },
            {
                "x": 94.80000305175781,
                "y": 323.8000030517578
            }
        ],
        "color": "#000000"
    },
    {
        "type": "line",
        "point1": {
            "x": 345.8000030517578,
            "y": 324.8000030517578
        },
        "point2": {
            "x": 346.8000030517578,
            "y": 116.80000305175781
        },
        "color": "#000000"
    },
    {
        "type": "line",
        "point1": {
            "x": 346.8000030517578,
            "y": 121.80000305175781
        },
        "point2": {
            "x": 388.8000030517578,
            "y": 120.80000305175781
        },
        "color": "#000000"
    },
    {
        "type": "line",
        "point1": {
            "x": 388.8000030517578,
            "y": 120.80000305175781
        },
        "point2": {
            "x": 386.8000030517578,
            "y": 324.8000030517578
        },
        "color": "#000000"
    },
    {
        "type": "bezier",
        "points": [
            {
                "x": 346.8000030517578,
                "y": 128.8000030517578
            },
            {
                "x": 227.8000030517578,
                "y": 140.8000030517578
            },
            {
                "x": 231.8000030517578,
                "y": 273.8000030517578
            },
            {
                "x": 345.8000030517578,
                "y": 305.8000030517578
            }
        ],
        "color": "#000000"
    },
    {
        "type": "circle",
        "center": {
            "x": 205.8000030517578,
            "y": 361.8000030517578
        },
        "radius": 17.46424919657298,
        "color": "#000000"
    },
    {
        "type": "circle",
        "center": {
            "x": 257.8000030517578,
            "y": 364.8000030517578
        },
        "radius": 16.1245154965971,
        "color": "#000000"
    },
    {
        "type": "circle",
        "center": {
            "x": 303.8000030517578,
            "y": 365.8000030517578
        },
        "radius": 16.76305461424021,
        "color": "#000000"
    },
    {
        "type": "circle",
        "center": {
            "x": 356.8000030517578,
            "y": 364.8000030517578
        },
        "radius": 16,
        "color": "#000000"
    },
    {
        "type": "line",
        "point1": {
            "x": 503.8000030517578,
            "y": 416.8000030517578
        },
        "point2": {
            "x": 622.8000030517578,
            "y": 323.8000030517578
        },
        "color": "#000000"
    },
    {
        "type": "bezier",
        "points": [
            {
                "x": 6.8000030517578125,
                "y": 425.8000030517578
            },
            {
                "x": 37.80000305175781,
                "y": 382.8000030517578
            },
            {
                "x": 100.80000305175781,
                "y": 380.8000030517578
            },
            {
                "x": 129.8000030517578,
                "y": 416.8000030517578
            }
        ],
        "color": "#000000"
    },
    {
        "type": "bezier",
        "points": [
            {
                "x": 129.8000030517578,
                "y": 417.8000030517578
            },
            {
                "x": 156.8000030517578,
                "y": 432.8000030517578
            },
            {
                "x": 169.8000030517578,
                "y": 428.8000030517578
            },
            {
                "x": 181.8000030517578,
                "y": 420.8000030517578
            }
        ],
        "color": "#000000"
    },
    {
        "type": "bezier",
        "points": [
            {
                "x": 564.8000030517578,
                "y": 417.8000030517578
            },
            {
                "x": 599.8000030517578,
                "y": 441.8000030517578
            },
            {
                "x": 632.8000030517578,
                "y": 444.8000030517578
            },
            {
                "x": 654.8000030517578,
                "y": 416.8000030517578
            }
        ],
        "color": "#000000"
    },
    {
        "type": "bezier",
        "points": [
            {
                "x": 653.8000030517578,
                "y": 419.8000030517578
            },
            {
                "x": 677.8000030517578,
                "y": 386.8000030517578
            },
            {
                "x": 700.8000030517578,
                "y": 393.8000030517578
            },
            {
                "x": 707.8000030517578,
                "y": 408.8000030517578
            }
        ],
        "color": "#000000"
    },
    {
        "type": "polygon",
        "points": [
            {
                "x": 494.8000030517578,
                "y": 338.8000030517578
            },
            {
                "x": 519.5274724754318,
                "y": 356.76556119800915
            },
            {
                "x": 510.0824196113621,
                "y": 385.8344449055064
            },
            {
                "x": 479.5175864921535,
                "y": 385.8344449055065
            },
            {
                "x": 470.0725336280838,
                "y": 356.7655611980092
            }
        ],
        "color": "#000000"
    },
    {
        "type": "bezier",
        "points": [
            {
                "x": 49.80000305175781,
                "y": 543.8000030517578
            },
            {
                "x": 127.80000305175781,
                "y": 496.8000030517578
            },
            {
                "x": 228.8000030517578,
                "y": 496.8000030517578
            },
            {
                "x": 296.8000030517578,
                "y": 549.8000030517578
            }
        ],
        "color": "#000000"
    },
    {
        "type": "bezier",
        "points": [
            {
                "x": 294.8000030517578,
                "y": 549.8000030517578
            },
            {
                "x": 325.8000030517578,
                "y": 561.8000030517578
            },
            {
                "x": 358.8000030517578,
                "y": 556.8000030517578
            },
            {
                "x": 385.8000030517578,
                "y": 485.8000030517578
            }
        ],
        "color": "#000000"
    },
    {
        "type": "bezier",
        "points": [
            {
                "x": 383.8000030517578,
                "y": 488.8000030517578
            },
            {
                "x": 429.8000030517578,
                "y": 458.8000030517578
            },
            {
                "x": 477.8000030517578,
                "y": 492.8000030517578
            },
            {
                "x": 441.8000030517578,
                "y": 520.8000030517578
            }
        ],
        "color": "#000000"
    },
    {
        "type": "bezier",
        "points": [
            {
                "x": 441.8000030517578,
                "y": 520.8000030517578
            },
            {
                "x": 429.8000030517578,
                "y": 496.8000030517578
            },
            {
                "x": 396.8000030517578,
                "y": 513.8000030517578
            },
            {
                "x": 391.8000030517578,
                "y": 549.8000030517578
            }
        ],
        "color": "#000000"
    },
    {
        "type": "bezier",
        "points": [
            {
                "x": 391.8000030517578,
                "y": 547.8000030517578
            },
            {
                "x": 432.8000030517578,
                "y": 560.8000030517578
            },
            {
                "x": 466.8000030517578,
                "y": 549.8000030517578
            },
            {
                "x": 490.8000030517578,
                "y": 521.8000030517578
            }
        ],
        "color": "#000000"
    },
    {
        "type": "bezier",
        "points": [
            {
                "x": 489.8000030517578,
                "y": 524.8000030517578
            },
            {
                "x": 526.8000030517578,
                "y": 505.8000030517578
            },
            {
                "x": 578.8000030517578,
                "y": 529.8000030517578
            },
            {
                "x": 592.8000030517578,
                "y": 557.8000030517578
            }
        ],
        "color": "#000000"
    },
    {
        "type": "circle",
        "center": {
            "x": 574.8000030517578,
            "y": 60.80000305175781
        },
        "radius": 29.120439557122072,
        "color": "#000000"
    },
    {
        "type": "line",
        "point1": {
            "x": 598.8000030517578,
            "y": 34.80000305175781
        },
        "point2": {
            "x": 598.8000030517578,
            "y": 34.80000305175781
        },
        "color": "#000000"
    },
    {
        "type": "line",
        "point1": {
            "x": 640.8000030517578,
            "y": 35.80000305175781
        },
        "point2": {
            "x": 640.8000030517578,
            "y": 35.80000305175781
        },
        "color": "#000000"
    },
    {
        "type": "line",
        "point1": {
            "x": 605.8000030517578,
            "y": 40.80000305175781
        },
        "point2": {
            "x": 639.8000030517578,
            "y": 46.80000305175781
        },
        "color": "#000000"
    },
    {
        "type": "polygon",
        "points": [
            {
                "x": 606.8000030517578,
                "y": 42.80000305175781
            },
            {
                "x": 644.8000030517578,
                "y": 46.80000305175781
            },
            {
                "x": 607.8000030517578,
                "y": 68.80000305175781
            },
            {
                "x": 634.8000030517578,
                "y": 101.80000305175781
            },
            {
                "x": 592.8000030517578,
                "y": 96.80000305175781
            },
            {
                "x": 588.8000030517578,
                "y": 140.8000030517578
            },
            {
                "x": 567.8000030517578,
                "y": 101.80000305175781
            },
            {
                "x": 537.8000030517578,
                "y": 126.80000305175781
            },
            {
                "x": 540.8000030517578,
                "y": 85.80000305175781
            },
            {
                "x": 498.8000030517578,
                "y": 56.80000305175781
            },
            {
                "x": 538.8000030517578,
                "y": 47.80000305175781
            },
            {
                "x": 526.8000030517578,
                "y": 9.800003051757812
            },
            {
                "x": 559.8000030517578,
                "y": 30.800003051757812
            },
            {
                "x": 583.8000030517578,
                "y": 8.800003051757812
            },
            {
                "x": 588.8000030517578,
                "y": 28.800003051757812
            },
            {
                "x": 615.8000030517578,
                "y": 14.800003051757812
            }
        ],
        "color": "#000000"
    }
]